"Langenhorn, Altendeich"
Achterkant
Ackerweg
Addebüll
Addebüller Weg
Aerlingsweg
Alte Gärtnerei
Altendeich
Am Forst
Am Kanal
Am Pastorat
Am Sportplatz
Am Wald
An de Kanal
An de L 13
An de Möhl
An de School
An de Weel
An der B 5
An't Ehrenmal
Ant Depot
Ant Schütthock
Arienwatter Bool
Bahnweg
Bargum Diek
Bargumer Heide
Bargumer Weg
Barntemoose
Baron-von-Gelting-Weg
Beekensweg
Bensmoor
Bi de Schink
Blaaweg
Blinker
Blockweg
Bohle
Bohlweg
Boolenweg
Brotlandsweg
Bunkerweg
Burlagsweg
Buurvogtsweg
Bäderstraße
Christianswarf
Christine-Altstädt-Ring
Clausensweg
De Straat
Dorfstraße
Drift
Dänische Meede
Dörpner Heuweg
Dörpner Meede
Dörpstraat
Dörpumer Weg
Efkebüll
Eggenswarf
Erlenweg
Fasanenweg
Faxlandweg
Fedderswarf
Ferdinand-Dircks-Weg
Fichtenweg
Forstweg
Friedhofsweg
Friedrich-Paulsen-Weg
Gaardshalligweg
Geestweg
Godbersweg
Gröder Weg
Gröne Weg
Grüner Weg
Grünewarf-Weg
Gärtnerkoppel
Gärtnerweg
Habelweg
Hanni Asmussen Straat
Hardenweg
Hauke-Haien-Koog-Süd
Hauke-Haien-Weg
Hochacker
Hohe Koppel
Holmweg
Hooge Hirs
Hooger Weg
Horne
Höchten
Ihleweg
Immenseeweg
In de Bargen
Ingwer-Laseeter-Weg
Jens-Snitker-Weg
Jepsenweg
Jöhnkeweg
Kapellenweg
Kastanienweg
Kehlensweg
Kiefernweg
Klaus-Groth-Straße
Klinker
Koogsmittelweg
Koogstraße
Koppelweg
Kornkoogsweg
Krumme Stieg
Königsbüller Weg
Kösterweg
Landjahrweg
Landschedin
Langenhorner Alter Deich
Leeglandsdamm
Lerchenweg
Loheider Bohlenweg
Lütte Weg
Maiberg
Maibergring
Marktstraat
Middelsmöhl
Mittel
Momsenstraße
Moorweg
Moose
Moose Wäi
Mögelberg
Möhlenbarg
Möhlenmaad
Möhlenstieg
Möhlenweg
Mönkebüller Straße
Mönkebüller Weg
Na de Heide
Neuer Weg
Nieacker
Nissenshörn
Norddeich
Norderende
Norderkoog-Weg
Norderleglandsweg
Norderweg
Nordkoogsweg
Olandweg
Ole Karkenweg
Ole Landstraat
Ole Meed
Ombüll
Oster-Borgweg
Osterhallig-Weg
Osterkoog
Ostersandweg
Osterweg
Peersweg
Privatweg
Querweg
Raiffeisenstraat
Redlefswarf
Redlingsweg
Ritzhörner Weg
Rott
Salleboos
Sandweg
Scheinmark
Schimmelreiterweg
Schlott
Schlüttsiel
Schoolstieg
Schoolstraat
Schulweg
Schwienewad
Schwinehallig
Schöpfwerk
Sikkeackerweg
Sikkeweg
Soholmbrück
Soltmeede
Sottweg
Steenweg
Strengweg
Stubbsweg
Swatte Bargen
Söll
Sönke-Matthiesen-Weg
Sönkensbohlweg
Sönksenweg
Sönnenswarf-Weg
Süder Weg
Süderdeich
Süderdeichsweg
Süderende
Süderhamm
Süderwarf
Süderweg
Tannenweg
Theodor-Storm-Straße
Twischenbrök
Vierkoogsweg
Vogtsweg
Walkenmoor
Wehlfennenweg
Weidenweg
Wester Bohlenweg
Wester Borgweg
Westerdeich
Westerhalligweg
Westerwarf
Westerweg
Windertweg
Witte Moor
Wittekoogsweg
Zur Badekuhle